use Avaliacao_2_Lab_BD
go
CREATE TABLE aluno
(
    cpf CHAR(11) NOT NULL,
    nome VARCHAR(50) NOT NULL,
    nome_social VARCHAR(50),
    data_nasc DATE NOT NULL,
    email_pessoal VARCHAR(50) NOT NULL,
    email_corporativo VARCHAR(50) NOT NULL,
    data_conclusao_seg_grau DATE NOT NULL,
    instituicao_seg_grau VARCHAR(50) NOT NULL,

    PRIMARY KEY(cpf)
)
go
CREATE TABLE telefone
(
    cpf_aluno   CHAR(11),
    numero CHAR(12) NOT NULL,

    PRIMARY KEY (cpf_aluno, numero),
    FOREIGN KEY (cpf_aluno) REFERENCES aluno
)
go
CREATE TABLE professor
(
    id      INT NOT NULL,
    nome    VARCHAR(50) NOT NULL,

    PRIMARY KEY (id)
)
go
CREATE TABLE disciplina
(
    codigo INT NOT NULL,
    nome VARCHAR(40) NOT NULL UNIQUE,
    horas_semanais INT NOT NULL,
    periodo_recomendado INT NOT NULL,
    id_professor    INT NOT NULL,

    PRIMARY KEY(codigo),
    FOREIGN KEY (id_professor) REFERENCES professor
)
go
CREATE TABLE curso
(
    codigo INT NOT NULL,
    nome VARCHAR(40) NOT NULL,
    carga_horaria INT NOT NULL,
    sigla VARCHAR(10) NOT NULL,
    nota_enade INT NOT NULL,
    turno VARCHAR(10) NOT NULL,

    PRIMARY KEY(codigo)
)
go
CREATE TABLE conteudo
(
    id INT IDENTITY NOT NULL,
    cod_disciplina  INT         NOT NULL,
    titulo       VARCHAR(50) NOT NULL,

    PRIMARY KEY(id),
    FOREIGN KEY(cod_disciplina) REFERENCES disciplina
)
go
CREATE TABLE horario
(
    id CHAR(5) NOT NULL,
    horario_inicio TIME NOT NULL,
    horario_fim TIME NOT NULL,
    num_aulas    INT  NOT NULL,
    turno VARCHAR(10) NOT NULL,

    PRIMARY KEY(id)
)
go
CREATE TABLE curso_disciplina
(
    cod_disciplina  INT NOT NULL,
    cod_curso       INT NOT NULL,

    PRIMARY KEY(cod_disciplina, cod_curso),
    FOREIGN KEY(cod_disciplina) REFERENCES disciplina,
    FOREIGN KEY(cod_curso)      REFERENCES curso
)
go
CREATE TABLE matricula
(
    ra CHAR(9) NOT NULL,
    cpf_aluno CHAR(11) NOT NULL,
    cod_curso INT NOT NULL,
    pontuacao_vestibular INT NOT NULL,
    posicao_vestibular INT NOT NULL,
    ano_ingresso INT NOT NULL,
    semestre_ingresso INT NOT NULL,
    ano_limite_graduacao INT NOT NULL,
    semestre_limite_graduacao INT NOT NULL,
    matricula_ativa BIT NOT NULL ,

    PRIMARY KEY(ra),
    FOREIGN KEY(cpf_aluno) REFERENCES aluno,
    FOREIGN KEY(cod_curso) REFERENCES curso
)
go
CREATE TABLE matricula_disciplina
(
    id     int Identity NOT NULL,
    id_horario   CHAR(5) NOT NULL,
    ra_matricula  CHAR(9) NOT NULL,
    cod_disciplina  INT NOT NULL,
    ano_matricula  INT NOT NULL,
    semestre_matricula INT NOT NULL,
    estado    VARCHAR(12) NOT NULL,
    dia_semana INT NOT NULL,

    PRIMARY KEY(id),
    FOREIGN KEY(ra_matricula)   REFERENCES matricula,
    FOREIGN KEY(id_horario)     REFERENCES horario,
    FOREIGN KEY(cod_disciplina) REFERENCES disciplina
)
go
CREATE TABLE nota
(
    id_matricula_disc INT NOT NULL,
    nota_1 DECIMAL(4, 2) NOT NULL,
    nota_2 DECIMAL(4, 2) NOT NULL,
    nota_3 DECIMAL(4, 2) NOT NULL,

    PRIMARY KEY (id_matricula_disc),
    FOREIGN KEY (id_matricula_disc) REFERENCES matricula_disciplina
)
go
CREATE TABLE presenca
(
    id INT NOT NULL,
    id_matricula_disc INT NOT NULL,
    id_conteudo INT NOT NULL,
    aula_1 BIT NOT NULL,
    aula_2 BIT NOT NULL,
    aula_3 BIT,
    aula_4 BIT,
    data DATE,

    PRIMARY KEY (id),
    FOREIGN KEY (id_matricula_disc) REFERENCES matricula_disciplina,
    FOREIGN KEY (id_conteudo) REFERENCES conteudo
)
insert into dbo.aluno (cpf, nome, nome_social, data_nasc, email_pessoal, email_corporativo, data_conclusao_seg_grau, instituicao_seg_grau)
values  (N'1301158003 ', N'João Santos', N'Ana  ', N'1992-05-30', N'joaosantos@gmail.com', N'joao@fatec.sp.gov.br  ', N'2014-10-29', N'Colégio Dom Bosco  '),
        (N'14999369079', N'Manuela Pereira', null, N'1995-09-11', N'manuelapereira@gmail.com', N'manuela@fatec.sp.gov.br  ', N'2013-06-25', N'Colégio Santo Agostinho  '),
        (N'15602167005', N'Laura Souza', N'Rafael  ', N'1983-10-19', N'laurasouza@gmail.com', N'laura@fatec.sp.gov.br  ', N'2009-03-14', N'Escola Municipal Clara Camarão  '),
        (N'19538602064', N'Lucas Oliveira', N'Helena  ', N'1985-08-15', N'lucasoliveira@gmail.com', N'lucas@fatec.sp.gov.br  ', N'2010-07-20', N'Colégio São Francisco  '),
        (N'31347243089', N'Isabella Santos', N'Miguel  ', N'1998-11-03', N'isabellasantos@gmail.com', N'isabella@fatec.sp.gov.br  ', N'2012-05-03', N'Instituto Educacional Monteiro Lobato  '),
        (N'43523026008', N'Matheus Oliveira', N'Ana  ', N'2001-01-25', N'matheusoliveira@gmail.com', N'matheus@fatec.sp.gov.br  ', N'2007-04-18', N'Colégio Santa Teresa  '),
        (N'50050578030', N'Enzo Costa', N'Giovanna  ', N'2000-06-22', N'enzocosta@gmail.com', N'enzo@fatec.sp.gov.br  ', N'2015-11-10', N'Escola Municipal Anita Garibaldi  '),
        (N'58538599003', N'Maria Rodrigues', N'Leonardo', N'1976-07-09', N'mariarodrigues@gmail.com', N'maria@fatec.sp.gov.br  ', N'2017-08-22', N'Escola Técnica Machado de Assis  '),
        (N'63675450007', N'Pedro Ferreira', null, N'1994-03-28', N'pedroferreira@gmail.com', N'pedro@fatec.sp.gov.br', N'2019-01-30', N'Escola Municipal José de Alencar  '),
        (N'73611687014', N'Gabriel Lima', null, N'1979-12-07', N'gabriellima@gmail.com', N'gabriel@fatec.sp.gov.br  ', N'2011-09-08', N'Escola Técnica Prof. Antônio Almeida  '),
        (N'77848325083', N'Valentina Almeida', null, N'1987-02-14', N'valentinaalmeida@gmail.com', N'valentina@fatec.sp.gov.br  ', N'2016-02-05', N'Escola Estadual Maria da Silva  '),
        (N'87683951080', N'Sofia Silva', null, N'1990-04-27', N'sofiasilva@gmail.com', N'sofia@fatec.sp.gov.br  ', N'2008-12-15', N'Escola Estadual Dom Pedro II  ');
go
insert into dbo.telefone (cpf_aluno, numero)
values  (N'1301158003 ', N'63876543210 '),
        (N'1301158003 ', N'73765432109 '),
        (N'14999369079', N'72543210987 '),
        (N'14999369079', N'82432109876 '),
        (N'14999369079', N'92321098765 '),
        (N'15602167005', N'43098765432 '),
        (N'15602167005', N'53987654321 '),
        (N'19538602064', N'81210987654 '),
        (N'19538602064', N'91109876543 '),
        (N'31347243089', N'32098765432 '),
        (N'43523026008', N'24321098765 '),
        (N'43523026008', N'34432109876 '),
        (N'43523026008', N'44210987654 '),
        (N'50050578030', N'22987654321 '),
        (N'50050578030', N'42876543210 '),
        (N'50050578030', N'52765432109 '),
        (N'50050578030', N'62654321098 '),
        (N'58538599003', N'54109876543 '),
        (N'63675450007', N'64098765432 '),
        (N'73611687014', N'23109876543 '),
        (N'73611687014', N'33210987654 '),
        (N'77848325083', N'83654321098 '),
        (N'77848325083', N'93543210987 '),
        (N'87683951080', N'11987654321 '),
        (N'87683951080', N'21876543210 '),
        (N'87683951080', N'31765432109 '),
        (N'87683951080', N'41654321098 '),
        (N'87683951080', N'51543210987 '),
        (N'87683951080', N'61432109876 '),
        (N'87683951080', N'71321098765 ');
go
insert into dbo.professor (id, nome)
values  (0, N'Leandro Colevati'),
        (1, N'Wellington Sarares');
go
insert into dbo.disciplina (codigo, nome, horas_semanais, periodo_recomendado, id_professor)
values  (1001, N'Comércio Exterior', 4, 1, 0),
        (1002, N'Administração Geral', 4, 1, 1),
        (1003, N'Matemática aplicada', 4, 1, 0),
        (1004, N'Direito público e privado', 4, 1, 1),
        (1005, N'Métodos para a produção de conhecimento', 2, 1, 0),
        (1006, N'Comunicação e expressão I', 2, 1, 1),
        (1007, N'Inglês I e II', 4, 1, 0),
        (1008, N'Projeto em Comércio Exterior I', 2, 2, 1),
        (1009, N'Política comercial externa', 2, 2, 0),
        (1010, N'Economia', 4, 2, 1),
        (1011, N'Sistemas de informações contábeis', 4, 2, 0),
        (1012, N'Direito internacional', 2, 2, 0),
        (1013, N'Estatística aplicada a Comércio exterior', 4, 2, 1),
        (1014, N'Comunicação e expressão II', 2, 2, 0),
        (1015, N'Inglês III e IV', 4, 2, 0),
        (1016, N'Projeto em Comércio Exterior II', 2, 3, 0),
        (1017, N'Economia Internacional', 4, 3, 1),
        (1018, N'Gestão Financeira', 4, 3, 0),
        (1019, N'Gestão de Custos e Tributos', 4, 3, 1),
        (1020, N'Logística Aplicada', 4, 3, 1),
        (1021, N'Espanhol I', 2, 3, 0),
        (1022, N'Inglês V e VI', 4, 3, 1),
        (1023, N'Projeto em Comércio Exterior III', 2, 4, 0),
        (1024, N'Mercado e Finanças Internacionais', 4, 4, 1),
        (1025, N'Sistemática do Comércio Exterior', 4, 4, 0),
        (1026, N'Legislação Aduaneira', 4, 4, 1),
        (1027, N'Logística Internacional', 4, 4, 0),
        (1028, N'Espanhol II', 2, 4, 1),
        (1029, N'Inglês VII e VIII', 4, 4, 0),
        (1030, N'Projeto em Comércio Exterior IV', 4, 5, 1),
        (1031, N'Teoria e prática cambial', 4, 5, 0),
        (1032, N'Modais de Transporte e Seguro de Carga', 4, 5, 1),
        (1033, N'Gestão de Pessoas no Comércio Exterior', 4, 5, 0),
        (1034, N'Relações Internacionais', 2, 5, 1),
        (1035, N'Espanhol III', 2, 5, 0),
        (1036, N'Inglês IX e X', 4, 5, 1),
        (1037, N'Projeto em Comércio Exterior V', 4, 6, 0),
        (1038, N'Negócios internacionais', 4, 6, 1),
        (1039, N'Gestão estratégica internacional', 4, 6, 0),
        (1040, N'Marketing internacional', 4, 6, 1),
        (1041, N'Regimes aduaneiros especiais', 2, 6, 1),
        (1042, N'Espanhol IV', 2, 6, 0),
        (1043, N'Inglês XI', 2, 6, 1),
        (1044, N'Estratégia de Internacionalização de Neg', 2, 6, 0),
        (1045, N'Programação em Microinformática', 4, 1, 1),
        (1046, N'Algoritmos e Lógica de Programação', 4, 1, 0),
        (1047, N'Laboratório de Hardware', 2, 1, 1),
        (1048, N'Arquitetura e Organização de Computadore', 4, 1, 0),
        (1049, N'Matemática Discreta', 4, 1, 1),
        (1050, N'Inglês I', 2, 1, 0),
        (1051, N'Engenharia de Software I', 4, 2, 1),
        (1052, N'Linguagem de Programação', 4, 2, 0),
        (1053, N'Sistemas de Informação', 4, 2, 1),
        (1054, N'Contabilidade', 2, 2, 0),
        (1055, N'Cálculo', 4, 2, 1),
        (1056, N'Comunicação e Expressão', 4, 2, 1),
        (1057, N'Inglês II', 2, 2, 0),
        (1058, N'Engenharia de Software II', 4, 3, 1),
        (1059, N'Interação Humano Computador', 2, 3, 0),
        (1060, N'Estruturas de Dados', 4, 3, 1),
        (1061, N'Sistemas Operacionais I', 4, 3, 0),
        (1062, N'Economia e Finanças', 2, 3, 1),
        (1063, N'Estatística aplicada', 4, 3, 0),
        (1064, N'Sociedade  e Tecnologia', 2, 3, 1),
        (1065, N'Inglês III', 2, 3, 0),
        (1066, N'Engenharia de Software III', 4, 4, 1),
        (1067, N'Programação Orientada a Objetos', 4, 4, 0),
        (1068, N'Banco de dados', 4, 4, 1),
        (1069, N'Sistemas Operacionais II', 4, 4, 0),
        (1070, N'Eletiva I', 4, 4, 1),
        (1071, N'Metodologia da Pesquisa Científico-tecno', 2, 4, 0),
        (1072, N'Inglês IV', 2, 4, 1),
        (1073, N'Laboratório de Engenharia de Software', 4, 5, 0),
        (1074, N'Segurança da Informação', 2, 5, 1),
        (1075, N'Redes de computadores', 4, 5, 0),
        (1076, N'Laboratório de Banco de Dados', 4, 5, 1),
        (1077, N'Eletiva II', 4, 5, 0),
        (1078, N'Programação Linear e Aplicações', 4, 5, 1),
        (1079, N'Inglês V', 2, 5, 0),
        (1080, N'Gerência de Projetos', 4, 6, 1),
        (1081, N'Gestão e Governança de Tecnologia da Inf', 4, 6, 0),
        (1082, N'Laboratório de Redes', 4, 6, 1),
        (1083, N'Auditoria de Sistemas', 4, 6, 0),
        (1084, N'Gestão de  Equipes', 2, 6, 1),
        (1085, N'Empreendedorismo', 2, 6, 0),
        (1086, N'Ética e Responsabilidade Profissional', 2, 6, 1),
        (1087, N'Inglês VI', 2, 6, 0),
        (1088, N'Administração', 4, 1, 1),
        (1089, N'Informática aplicada à Gestão', 2, 1, 0),
        (1090, N'Matemática', 4, 1, 1),
        (1091, N'Sociedade, Tecnologia e Inovação', 2, 1, 0),
        (1092, N'Comportamento Organizacional', 4, 2, 1),
        (1093, N'Estatística aplicada à Gestão', 4, 2, 0),
        (1094, N'Gestão Ambiental', 2, 2, 1),
        (1095, N'Métodos para a Produção do Conhecimento', 2, 2, 0),
        (1096, N'Sociologia das Organizações', 2, 2, 1),
        (1097, N'Gestão de Marketing', 4, 3, 0),
        (1098, N'Gestão de Pessoas', 4, 3, 1),
        (1099, N'Matemática Financeira', 2, 3, 0),
        (1100, N'Organização, Sistemas e Métodos', 4, 3, 1),
        (1101, N'Comunicação Empresarial Geral', 2, 4, 0),
        (1102, N'Direito Empresarial', 4, 4, 1),
        (1103, N'Logística', 4, 4, 0),
        (1104, N'Planejamento de Marketing', 4, 4, 1),
        (1105, N'Análise de Investimentos', 4, 5, 0),
        (1106, N'Gestão da Produção', 4, 5, 1),
        (1107, N'Fundamentos da Gestão da Qualidade', 2, 5, 0),
        (1108, N'Gestão de Projetos', 4, 5, 1),
        (1109, N'Projeto de Trabalho de Graduação I', 4, 5, 0),
        (1110, N'Desenvolvimento de Negócios', 4, 6, 1),
        (1111, N'Planejamento e Gestão Estratégica', 4, 6, 0),
        (1112, N'Sistemas Integrados de Gestão', 4, 6, 1);
go
insert into dbo.curso (codigo, nome, carga_horaria, sigla, nota_enade, turno)
values  (0, N'COMÉRCIO EXTERIOR', 2800, N'COMEX', 4, N'Tarde'),
        (1, N'ANÁLISE E DESENVOVIMENTO DE SISTEMAS', 2800, N'ADS', 5, N'Tarde'),
        (2, N'GESTÃO EMPRESARIAL', 2800, N'GESTÃO EMP', 4, N'Tarde');
go
SET IDENTITY_INSERT dbo.conteudo ON;
insert into dbo.conteudo (id, cod_disciplina, titulo)
values  (1, 1001, N'CONTEÚDO 1'),
        (2, 1001, N'CONTEÚDO 2'),
        (3, 1001, N'CONTEÚDO 3'),
        (4, 1001, N'CONTEÚDO 4'),
        (5, 1001, N'CONTEÚDO 5'),
        (6, 1001, N'CONTEÚDO 6'),
        (7, 1001, N'CONTEÚDO 7'),
        (8, 1001, N'CONTEÚDO 8'),
        (9, 1001, N'CONTEÚDO 9'),
        (10, 1001, N'CONTEÚDO 10'),
        (11, 1001, N'CONTEÚDO 11'),
        (12, 1001, N'CONTEÚDO 12'),
        (13, 1001, N'CONTEÚDO 13'),
        (14, 1001, N'CONTEÚDO 14'),
        (15, 1001, N'CONTEÚDO 15'),
        (16, 1001, N'CONTEÚDO 16'),
        (17, 1001, N'CONTEÚDO 17'),
        (18, 1001, N'CONTEÚDO 18'),
        (19, 1001, N'CONTEÚDO 19'),
        (20, 1001, N'CONTEÚDO 20'),
        (21, 1002, N'CONTEÚDO 1'),
        (22, 1002, N'CONTEÚDO 2'),
        (23, 1002, N'CONTEÚDO 3'),
        (24, 1002, N'CONTEÚDO 4'),
        (25, 1002, N'CONTEÚDO 5'),
        (26, 1002, N'CONTEÚDO 6'),
        (27, 1002, N'CONTEÚDO 7'),
        (28, 1002, N'CONTEÚDO 8'),
        (29, 1002, N'CONTEÚDO 9'),
        (30, 1002, N'CONTEÚDO 10'),
        (31, 1002, N'CONTEÚDO 11'),
        (32, 1002, N'CONTEÚDO 12'),
        (33, 1002, N'CONTEÚDO 13'),
        (34, 1002, N'CONTEÚDO 14'),
        (35, 1002, N'CONTEÚDO 15'),
        (36, 1002, N'CONTEÚDO 16'),
        (37, 1002, N'CONTEÚDO 17'),
        (38, 1002, N'CONTEÚDO 18'),
        (39, 1002, N'CONTEÚDO 19'),
        (40, 1002, N'CONTEÚDO 20'),
        (41, 1003, N'CONTEÚDO 1'),
        (42, 1003, N'CONTEÚDO 2'),
        (43, 1003, N'CONTEÚDO 3'),
        (44, 1003, N'CONTEÚDO 4'),
        (45, 1003, N'CONTEÚDO 5'),
        (46, 1003, N'CONTEÚDO 6'),
        (47, 1003, N'CONTEÚDO 7'),
        (48, 1003, N'CONTEÚDO 8'),
        (49, 1003, N'CONTEÚDO 9'),
        (50, 1003, N'CONTEÚDO 10'),
        (51, 1003, N'CONTEÚDO 11'),
        (52, 1003, N'CONTEÚDO 12'),
        (53, 1003, N'CONTEÚDO 13'),
        (54, 1003, N'CONTEÚDO 14'),
        (55, 1003, N'CONTEÚDO 15'),
        (56, 1003, N'CONTEÚDO 16'),
        (57, 1003, N'CONTEÚDO 17'),
        (58, 1003, N'CONTEÚDO 18'),
        (59, 1003, N'CONTEÚDO 19'),
        (60, 1003, N'CONTEÚDO 20'),
        (61, 1004, N'CONTEÚDO 1'),
        (62, 1004, N'CONTEÚDO 2'),
        (63, 1004, N'CONTEÚDO 3'),
        (64, 1004, N'CONTEÚDO 4'),
        (65, 1004, N'CONTEÚDO 5'),
        (66, 1004, N'CONTEÚDO 6'),
        (67, 1004, N'CONTEÚDO 7'),
        (68, 1004, N'CONTEÚDO 8'),
        (69, 1004, N'CONTEÚDO 9'),
        (70, 1004, N'CONTEÚDO 10'),
        (71, 1004, N'CONTEÚDO 11'),
        (72, 1004, N'CONTEÚDO 12'),
        (73, 1004, N'CONTEÚDO 13'),
        (74, 1004, N'CONTEÚDO 14'),
        (75, 1004, N'CONTEÚDO 15'),
        (76, 1004, N'CONTEÚDO 16'),
        (77, 1004, N'CONTEÚDO 17'),
        (78, 1004, N'CONTEÚDO 18'),
        (79, 1004, N'CONTEÚDO 19'),
        (80, 1004, N'CONTEÚDO 20'),
        (81, 1005, N'CONTEÚDO 1'),
        (82, 1005, N'CONTEÚDO 2'),
        (83, 1005, N'CONTEÚDO 3'),
        (84, 1005, N'CONTEÚDO 4'),
        (85, 1005, N'CONTEÚDO 5'),
        (86, 1005, N'CONTEÚDO 6'),
        (87, 1005, N'CONTEÚDO 7'),
        (88, 1005, N'CONTEÚDO 8'),
        (89, 1005, N'CONTEÚDO 9'),
        (90, 1005, N'CONTEÚDO 10'),
        (91, 1005, N'CONTEÚDO 11'),
        (92, 1005, N'CONTEÚDO 12'),
        (93, 1005, N'CONTEÚDO 13'),
        (94, 1005, N'CONTEÚDO 14'),
        (95, 1005, N'CONTEÚDO 15'),
        (96, 1005, N'CONTEÚDO 16'),
        (97, 1005, N'CONTEÚDO 17'),
        (98, 1005, N'CONTEÚDO 18'),
        (99, 1005, N'CONTEÚDO 19'),
        (100, 1005, N'CONTEÚDO 20'),
        (101, 1006, N'CONTEÚDO 1'),
        (102, 1006, N'CONTEÚDO 2'),
        (103, 1006, N'CONTEÚDO 3'),
        (104, 1006, N'CONTEÚDO 4'),
        (105, 1006, N'CONTEÚDO 5'),
        (106, 1006, N'CONTEÚDO 6'),
        (107, 1006, N'CONTEÚDO 7'),
        (108, 1006, N'CONTEÚDO 8'),
        (109, 1006, N'CONTEÚDO 9'),
        (110, 1006, N'CONTEÚDO 10'),
        (111, 1006, N'CONTEÚDO 11'),
        (112, 1006, N'CONTEÚDO 12'),
        (113, 1006, N'CONTEÚDO 13'),
        (114, 1006, N'CONTEÚDO 14'),
        (115, 1006, N'CONTEÚDO 15'),
        (116, 1006, N'CONTEÚDO 16'),
        (117, 1006, N'CONTEÚDO 17'),
        (118, 1006, N'CONTEÚDO 18'),
        (119, 1006, N'CONTEÚDO 19'),
        (120, 1006, N'CONTEÚDO 20'),
        (121, 1007, N'CONTEÚDO 1'),
        (122, 1007, N'CONTEÚDO 2'),
        (123, 1007, N'CONTEÚDO 3'),
        (124, 1007, N'CONTEÚDO 4'),
        (125, 1007, N'CONTEÚDO 5'),
        (126, 1007, N'CONTEÚDO 6'),
        (127, 1007, N'CONTEÚDO 7'),
        (128, 1007, N'CONTEÚDO 8'),
        (129, 1007, N'CONTEÚDO 9'),
        (130, 1007, N'CONTEÚDO 10'),
        (131, 1007, N'CONTEÚDO 11'),
        (132, 1007, N'CONTEÚDO 12'),
        (133, 1007, N'CONTEÚDO 13'),
        (134, 1007, N'CONTEÚDO 14'),
        (135, 1007, N'CONTEÚDO 15'),
        (136, 1007, N'CONTEÚDO 16'),
        (137, 1007, N'CONTEÚDO 17'),
        (138, 1007, N'CONTEÚDO 18'),
        (139, 1007, N'CONTEÚDO 19'),
        (140, 1007, N'CONTEÚDO 20'),
        (141, 1008, N'CONTEÚDO 1'),
        (142, 1008, N'CONTEÚDO 2'),
        (143, 1008, N'CONTEÚDO 3'),
        (144, 1008, N'CONTEÚDO 4'),
        (145, 1008, N'CONTEÚDO 5'),
        (146, 1008, N'CONTEÚDO 6'),
        (147, 1008, N'CONTEÚDO 7'),
        (148, 1008, N'CONTEÚDO 8'),
        (149, 1008, N'CONTEÚDO 9'),
        (150, 1008, N'CONTEÚDO 10'),
        (151, 1008, N'CONTEÚDO 11'),
        (152, 1008, N'CONTEÚDO 12'),
        (153, 1008, N'CONTEÚDO 13'),
        (154, 1008, N'CONTEÚDO 14'),
        (155, 1008, N'CONTEÚDO 15'),
        (156, 1008, N'CONTEÚDO 16'),
        (157, 1008, N'CONTEÚDO 17'),
        (158, 1008, N'CONTEÚDO 18'),
        (159, 1008, N'CONTEÚDO 19'),
        (160, 1008, N'CONTEÚDO 20'),
        (161, 1009, N'CONTEÚDO 1'),
        (162, 1009, N'CONTEÚDO 2'),
        (163, 1009, N'CONTEÚDO 3'),
        (164, 1009, N'CONTEÚDO 4'),
        (165, 1009, N'CONTEÚDO 5'),
        (166, 1009, N'CONTEÚDO 6'),
        (167, 1009, N'CONTEÚDO 7'),
        (168, 1009, N'CONTEÚDO 8'),
        (169, 1009, N'CONTEÚDO 9'),
        (170, 1009, N'CONTEÚDO 10'),
        (171, 1009, N'CONTEÚDO 11'),
        (172, 1009, N'CONTEÚDO 12'),
        (173, 1009, N'CONTEÚDO 13'),
        (174, 1009, N'CONTEÚDO 14'),
        (175, 1009, N'CONTEÚDO 15'),
        (176, 1009, N'CONTEÚDO 16'),
        (177, 1009, N'CONTEÚDO 17'),
        (178, 1009, N'CONTEÚDO 18'),
        (179, 1009, N'CONTEÚDO 19'),
        (180, 1009, N'CONTEÚDO 20'),
        (181, 1010, N'CONTEÚDO 1'),
        (182, 1010, N'CONTEÚDO 2'),
        (183, 1010, N'CONTEÚDO 3'),
        (184, 1010, N'CONTEÚDO 4'),
        (185, 1010, N'CONTEÚDO 5'),
        (186, 1010, N'CONTEÚDO 6'),
        (187, 1010, N'CONTEÚDO 7'),
        (188, 1010, N'CONTEÚDO 8'),
        (189, 1010, N'CONTEÚDO 9'),
        (190, 1010, N'CONTEÚDO 10'),
        (191, 1010, N'CONTEÚDO 11'),
        (192, 1010, N'CONTEÚDO 12'),
        (193, 1010, N'CONTEÚDO 13'),
        (194, 1010, N'CONTEÚDO 14'),
        (195, 1010, N'CONTEÚDO 15'),
        (196, 1010, N'CONTEÚDO 16'),
        (197, 1010, N'CONTEÚDO 17'),
        (198, 1010, N'CONTEÚDO 18'),
        (199, 1010, N'CONTEÚDO 19'),
        (200, 1010, N'CONTEÚDO 20'),
        (201, 1011, N'CONTEÚDO 1'),
        (202, 1011, N'CONTEÚDO 2'),
        (203, 1011, N'CONTEÚDO 3'),
        (204, 1011, N'CONTEÚDO 4'),
        (205, 1011, N'CONTEÚDO 5'),
        (206, 1011, N'CONTEÚDO 6'),
        (207, 1011, N'CONTEÚDO 7'),
        (208, 1011, N'CONTEÚDO 8'),
        (209, 1011, N'CONTEÚDO 9'),
        (210, 1011, N'CONTEÚDO 10'),
        (211, 1011, N'CONTEÚDO 11'),
        (212, 1011, N'CONTEÚDO 12'),
        (213, 1011, N'CONTEÚDO 13'),
        (214, 1011, N'CONTEÚDO 14'),
        (215, 1011, N'CONTEÚDO 15'),
        (216, 1011, N'CONTEÚDO 16'),
        (217, 1011, N'CONTEÚDO 17'),
        (218, 1011, N'CONTEÚDO 18'),
        (219, 1011, N'CONTEÚDO 19'),
        (220, 1011, N'CONTEÚDO 20'),
        (221, 1012, N'CONTEÚDO 1'),
        (222, 1012, N'CONTEÚDO 2'),
        (223, 1012, N'CONTEÚDO 3'),
        (224, 1012, N'CONTEÚDO 4'),
        (225, 1012, N'CONTEÚDO 5'),
        (226, 1012, N'CONTEÚDO 6'),
        (227, 1012, N'CONTEÚDO 7'),
        (228, 1012, N'CONTEÚDO 8'),
        (229, 1012, N'CONTEÚDO 9'),
        (230, 1012, N'CONTEÚDO 10'),
        (231, 1012, N'CONTEÚDO 11'),
        (232, 1012, N'CONTEÚDO 12'),
        (233, 1012, N'CONTEÚDO 13'),
        (234, 1012, N'CONTEÚDO 14'),
        (235, 1012, N'CONTEÚDO 15'),
        (236, 1012, N'CONTEÚDO 16'),
        (237, 1012, N'CONTEÚDO 17'),
        (238, 1012, N'CONTEÚDO 18'),
        (239, 1012, N'CONTEÚDO 19'),
        (240, 1012, N'CONTEÚDO 20'),
        (241, 1013, N'CONTEÚDO 1'),
        (242, 1013, N'CONTEÚDO 2'),
        (243, 1013, N'CONTEÚDO 3'),
        (244, 1013, N'CONTEÚDO 4'),
        (245, 1013, N'CONTEÚDO 5'),
        (246, 1013, N'CONTEÚDO 6'),
        (247, 1013, N'CONTEÚDO 7'),
        (248, 1013, N'CONTEÚDO 8'),
        (249, 1013, N'CONTEÚDO 9'),
        (250, 1013, N'CONTEÚDO 10'),
        (251, 1013, N'CONTEÚDO 11'),
        (252, 1013, N'CONTEÚDO 12'),
        (253, 1013, N'CONTEÚDO 13'),
        (254, 1013, N'CONTEÚDO 14'),
        (255, 1013, N'CONTEÚDO 15'),
        (256, 1013, N'CONTEÚDO 16'),
        (257, 1013, N'CONTEÚDO 17'),
        (258, 1013, N'CONTEÚDO 18'),
        (259, 1013, N'CONTEÚDO 19'),
        (260, 1013, N'CONTEÚDO 20'),
        (261, 1014, N'CONTEÚDO 1'),
        (262, 1014, N'CONTEÚDO 2'),
        (263, 1014, N'CONTEÚDO 3'),
        (264, 1014, N'CONTEÚDO 4'),
        (265, 1014, N'CONTEÚDO 5'),
        (266, 1014, N'CONTEÚDO 6'),
        (267, 1014, N'CONTEÚDO 7'),
        (268, 1014, N'CONTEÚDO 8'),
        (269, 1014, N'CONTEÚDO 9'),
        (270, 1014, N'CONTEÚDO 10'),
        (271, 1014, N'CONTEÚDO 11'),
        (272, 1014, N'CONTEÚDO 12'),
        (273, 1014, N'CONTEÚDO 13'),
        (274, 1014, N'CONTEÚDO 14'),
        (275, 1014, N'CONTEÚDO 15'),
        (276, 1014, N'CONTEÚDO 16'),
        (277, 1014, N'CONTEÚDO 17'),
        (278, 1014, N'CONTEÚDO 18'),
        (279, 1014, N'CONTEÚDO 19'),
        (280, 1014, N'CONTEÚDO 20'),
        (281, 1015, N'CONTEÚDO 1'),
        (282, 1015, N'CONTEÚDO 2'),
        (283, 1015, N'CONTEÚDO 3'),
        (284, 1015, N'CONTEÚDO 4'),
        (285, 1015, N'CONTEÚDO 5'),
        (286, 1015, N'CONTEÚDO 6'),
        (287, 1015, N'CONTEÚDO 7'),
        (288, 1015, N'CONTEÚDO 8'),
        (289, 1015, N'CONTEÚDO 9'),
        (290, 1015, N'CONTEÚDO 10'),
        (291, 1015, N'CONTEÚDO 11'),
        (292, 1015, N'CONTEÚDO 12'),
        (293, 1015, N'CONTEÚDO 13'),
        (294, 1015, N'CONTEÚDO 14'),
        (295, 1015, N'CONTEÚDO 15'),
        (296, 1015, N'CONTEÚDO 16'),
        (297, 1015, N'CONTEÚDO 17'),
        (298, 1015, N'CONTEÚDO 18'),
        (299, 1015, N'CONTEÚDO 19'),
        (300, 1015, N'CONTEÚDO 20'),
        (301, 1016, N'CONTEÚDO 1'),
        (302, 1016, N'CONTEÚDO 2'),
        (303, 1016, N'CONTEÚDO 3'),
        (304, 1016, N'CONTEÚDO 4'),
        (305, 1016, N'CONTEÚDO 5'),
        (306, 1016, N'CONTEÚDO 6'),
        (307, 1016, N'CONTEÚDO 7'),
        (308, 1016, N'CONTEÚDO 8'),
        (309, 1016, N'CONTEÚDO 9'),
        (310, 1016, N'CONTEÚDO 10'),
        (311, 1016, N'CONTEÚDO 11'),
        (312, 1016, N'CONTEÚDO 12'),
        (313, 1016, N'CONTEÚDO 13'),
        (314, 1016, N'CONTEÚDO 14'),
        (315, 1016, N'CONTEÚDO 15'),
        (316, 1016, N'CONTEÚDO 16'),
        (317, 1016, N'CONTEÚDO 17'),
        (318, 1016, N'CONTEÚDO 18'),
        (319, 1016, N'CONTEÚDO 19'),
        (320, 1016, N'CONTEÚDO 20'),
        (321, 1017, N'CONTEÚDO 1'),
        (322, 1017, N'CONTEÚDO 2'),
        (323, 1017, N'CONTEÚDO 3'),
        (324, 1017, N'CONTEÚDO 4'),
        (325, 1017, N'CONTEÚDO 5'),
        (326, 1017, N'CONTEÚDO 6'),
        (327, 1017, N'CONTEÚDO 7'),
        (328, 1017, N'CONTEÚDO 8'),
        (329, 1017, N'CONTEÚDO 9'),
        (330, 1017, N'CONTEÚDO 10'),
        (331, 1017, N'CONTEÚDO 11'),
        (332, 1017, N'CONTEÚDO 12'),
        (333, 1017, N'CONTEÚDO 13'),
        (334, 1017, N'CONTEÚDO 14'),
        (335, 1017, N'CONTEÚDO 15'),
        (336, 1017, N'CONTEÚDO 16'),
        (337, 1017, N'CONTEÚDO 17'),
        (338, 1017, N'CONTEÚDO 18'),
        (339, 1017, N'CONTEÚDO 19'),
        (340, 1017, N'CONTEÚDO 20'),
        (341, 1018, N'CONTEÚDO 1'),
        (342, 1018, N'CONTEÚDO 2'),
        (343, 1018, N'CONTEÚDO 3'),
        (344, 1018, N'CONTEÚDO 4'),
        (345, 1018, N'CONTEÚDO 5'),
        (346, 1018, N'CONTEÚDO 6'),
        (347, 1018, N'CONTEÚDO 7'),
        (348, 1018, N'CONTEÚDO 8'),
        (349, 1018, N'CONTEÚDO 9'),
        (350, 1018, N'CONTEÚDO 10'),
        (351, 1018, N'CONTEÚDO 11'),
        (352, 1018, N'CONTEÚDO 12'),
        (353, 1018, N'CONTEÚDO 13'),
        (354, 1018, N'CONTEÚDO 14'),
        (355, 1018, N'CONTEÚDO 15'),
        (356, 1018, N'CONTEÚDO 16'),
        (357, 1018, N'CONTEÚDO 17'),
        (358, 1018, N'CONTEÚDO 18'),
        (359, 1018, N'CONTEÚDO 19'),
        (360, 1018, N'CONTEÚDO 20'),
        (361, 1019, N'CONTEÚDO 1'),
        (362, 1019, N'CONTEÚDO 2'),
        (363, 1019, N'CONTEÚDO 3'),
        (364, 1019, N'CONTEÚDO 4'),
        (365, 1019, N'CONTEÚDO 5'),
        (366, 1019, N'CONTEÚDO 6'),
        (367, 1019, N'CONTEÚDO 7'),
        (368, 1019, N'CONTEÚDO 8'),
        (369, 1019, N'CONTEÚDO 9'),
        (370, 1019, N'CONTEÚDO 10'),
        (371, 1019, N'CONTEÚDO 11'),
        (372, 1019, N'CONTEÚDO 12'),
        (373, 1019, N'CONTEÚDO 13'),
        (374, 1019, N'CONTEÚDO 14'),
        (375, 1019, N'CONTEÚDO 15'),
        (376, 1019, N'CONTEÚDO 16'),
        (377, 1019, N'CONTEÚDO 17'),
        (378, 1019, N'CONTEÚDO 18'),
        (379, 1019, N'CONTEÚDO 19'),
        (380, 1019, N'CONTEÚDO 20'),
        (381, 1020, N'CONTEÚDO 1'),
        (382, 1020, N'CONTEÚDO 2'),
        (383, 1020, N'CONTEÚDO 3'),
        (384, 1020, N'CONTEÚDO 4'),
        (385, 1020, N'CONTEÚDO 5'),
        (386, 1020, N'CONTEÚDO 6'),
        (387, 1020, N'CONTEÚDO 7'),
        (388, 1020, N'CONTEÚDO 8'),
        (389, 1020, N'CONTEÚDO 9'),
        (390, 1020, N'CONTEÚDO 10'),
        (391, 1020, N'CONTEÚDO 11'),
        (392, 1020, N'CONTEÚDO 12'),
        (393, 1020, N'CONTEÚDO 13'),
        (394, 1020, N'CONTEÚDO 14'),
        (395, 1020, N'CONTEÚDO 15'),
        (396, 1020, N'CONTEÚDO 16'),
        (397, 1020, N'CONTEÚDO 17'),
        (398, 1020, N'CONTEÚDO 18'),
        (399, 1020, N'CONTEÚDO 19'),
        (400, 1020, N'CONTEÚDO 20'),
        (401, 1021, N'CONTEÚDO 1'),
        (402, 1021, N'CONTEÚDO 2'),
        (403, 1021, N'CONTEÚDO 3'),
        (404, 1021, N'CONTEÚDO 4'),
        (405, 1021, N'CONTEÚDO 5'),
        (406, 1021, N'CONTEÚDO 6'),
        (407, 1021, N'CONTEÚDO 7'),
        (408, 1021, N'CONTEÚDO 8'),
        (409, 1021, N'CONTEÚDO 9'),
        (410, 1021, N'CONTEÚDO 10'),
        (411, 1021, N'CONTEÚDO 11'),
        (412, 1021, N'CONTEÚDO 12'),
        (413, 1021, N'CONTEÚDO 13'),
        (414, 1021, N'CONTEÚDO 14'),
        (415, 1021, N'CONTEÚDO 15'),
        (416, 1021, N'CONTEÚDO 16'),
        (417, 1021, N'CONTEÚDO 17'),
        (418, 1021, N'CONTEÚDO 18'),
        (419, 1021, N'CONTEÚDO 19'),
        (420, 1021, N'CONTEÚDO 20'),
        (421, 1022, N'CONTEÚDO 1'),
        (422, 1022, N'CONTEÚDO 2'),
        (423, 1022, N'CONTEÚDO 3'),
        (424, 1022, N'CONTEÚDO 4'),
        (425, 1022, N'CONTEÚDO 5'),
        (426, 1022, N'CONTEÚDO 6'),
        (427, 1022, N'CONTEÚDO 7'),
        (428, 1022, N'CONTEÚDO 8'),
        (429, 1022, N'CONTEÚDO 9'),
        (430, 1022, N'CONTEÚDO 10'),
        (431, 1022, N'CONTEÚDO 11'),
        (432, 1022, N'CONTEÚDO 12'),
        (433, 1022, N'CONTEÚDO 13'),
        (434, 1022, N'CONTEÚDO 14'),
        (435, 1022, N'CONTEÚDO 15'),
        (436, 1022, N'CONTEÚDO 16'),
        (437, 1022, N'CONTEÚDO 17'),
        (438, 1022, N'CONTEÚDO 18'),
        (439, 1022, N'CONTEÚDO 19'),
        (440, 1022, N'CONTEÚDO 20'),
        (441, 1023, N'CONTEÚDO 1'),
        (442, 1023, N'CONTEÚDO 2'),
        (443, 1023, N'CONTEÚDO 3'),
        (444, 1023, N'CONTEÚDO 4'),
        (445, 1023, N'CONTEÚDO 5'),
        (446, 1023, N'CONTEÚDO 6'),
        (447, 1023, N'CONTEÚDO 7'),
        (448, 1023, N'CONTEÚDO 8'),
        (449, 1023, N'CONTEÚDO 9'),
        (450, 1023, N'CONTEÚDO 10'),
        (451, 1023, N'CONTEÚDO 11'),
        (452, 1023, N'CONTEÚDO 12'),
        (453, 1023, N'CONTEÚDO 13'),
        (454, 1023, N'CONTEÚDO 14'),
        (455, 1023, N'CONTEÚDO 15'),
        (456, 1023, N'CONTEÚDO 16'),
        (457, 1023, N'CONTEÚDO 17'),
        (458, 1023, N'CONTEÚDO 18'),
        (459, 1023, N'CONTEÚDO 19'),
        (460, 1023, N'CONTEÚDO 20'),
        (461, 1024, N'CONTEÚDO 1'),
        (462, 1024, N'CONTEÚDO 2'),
        (463, 1024, N'CONTEÚDO 3'),
        (464, 1024, N'CONTEÚDO 4'),
        (465, 1024, N'CONTEÚDO 5'),
        (466, 1024, N'CONTEÚDO 6'),
        (467, 1024, N'CONTEÚDO 7'),
        (468, 1024, N'CONTEÚDO 8'),
        (469, 1024, N'CONTEÚDO 9'),
        (470, 1024, N'CONTEÚDO 10'),
        (471, 1024, N'CONTEÚDO 11'),
        (472, 1024, N'CONTEÚDO 12'),
        (473, 1024, N'CONTEÚDO 13'),
        (474, 1024, N'CONTEÚDO 14'),
        (475, 1024, N'CONTEÚDO 15'),
        (476, 1024, N'CONTEÚDO 16'),
        (477, 1024, N'CONTEÚDO 17'),
        (478, 1024, N'CONTEÚDO 18'),
        (479, 1024, N'CONTEÚDO 19'),
        (480, 1024, N'CONTEÚDO 20'),
        (481, 1025, N'CONTEÚDO 1'),
        (482, 1025, N'CONTEÚDO 2'),
        (483, 1025, N'CONTEÚDO 3'),
        (484, 1025, N'CONTEÚDO 4'),
        (485, 1025, N'CONTEÚDO 5'),
        (486, 1025, N'CONTEÚDO 6'),
        (487, 1025, N'CONTEÚDO 7'),
        (488, 1025, N'CONTEÚDO 8'),
        (489, 1025, N'CONTEÚDO 9'),
        (490, 1025, N'CONTEÚDO 10'),
        (491, 1025, N'CONTEÚDO 11'),
        (492, 1025, N'CONTEÚDO 12'),
        (493, 1025, N'CONTEÚDO 13'),
        (494, 1025, N'CONTEÚDO 14'),
        (495, 1025, N'CONTEÚDO 15'),
        (496, 1025, N'CONTEÚDO 16'),
        (497, 1025, N'CONTEÚDO 17'),
        (498, 1025, N'CONTEÚDO 18'),
        (499, 1025, N'CONTEÚDO 19'),
        (500, 1025, N'CONTEÚDO 20'),
        (501, 1026, N'CONTEÚDO 1'),
        (502, 1026, N'CONTEÚDO 2'),
        (503, 1026, N'CONTEÚDO 3'),
        (504, 1026, N'CONTEÚDO 4'),
        (505, 1026, N'CONTEÚDO 5'),
        (506, 1026, N'CONTEÚDO 6'),
        (507, 1026, N'CONTEÚDO 7'),
        (508, 1026, N'CONTEÚDO 8'),
        (509, 1026, N'CONTEÚDO 9'),
        (510, 1026, N'CONTEÚDO 10'),
        (511, 1026, N'CONTEÚDO 11'),
        (512, 1026, N'CONTEÚDO 12'),
        (513, 1026, N'CONTEÚDO 13'),
        (514, 1026, N'CONTEÚDO 14'),
        (515, 1026, N'CONTEÚDO 15'),
        (516, 1026, N'CONTEÚDO 16'),
        (517, 1026, N'CONTEÚDO 17'),
        (518, 1026, N'CONTEÚDO 18'),
        (519, 1026, N'CONTEÚDO 19'),
        (520, 1026, N'CONTEÚDO 20'),
        (521, 1027, N'CONTEÚDO 1'),
        (522, 1027, N'CONTEÚDO 2'),
        (523, 1027, N'CONTEÚDO 3'),
        (524, 1027, N'CONTEÚDO 4'),
        (525, 1027, N'CONTEÚDO 5'),
        (526, 1027, N'CONTEÚDO 6'),
        (527, 1027, N'CONTEÚDO 7'),
        (528, 1027, N'CONTEÚDO 8'),
        (529, 1027, N'CONTEÚDO 9'),
        (530, 1027, N'CONTEÚDO 10'),
        (531, 1027, N'CONTEÚDO 11'),
        (532, 1027, N'CONTEÚDO 12'),
        (533, 1027, N'CONTEÚDO 13'),
        (534, 1027, N'CONTEÚDO 14'),
        (535, 1027, N'CONTEÚDO 15'),
        (536, 1027, N'CONTEÚDO 16'),
        (537, 1027, N'CONTEÚDO 17'),
        (538, 1027, N'CONTEÚDO 18'),
        (539, 1027, N'CONTEÚDO 19'),
        (540, 1027, N'CONTEÚDO 20'),
        (541, 1028, N'CONTEÚDO 1'),
        (542, 1028, N'CONTEÚDO 2'),
        (543, 1028, N'CONTEÚDO 3'),
        (544, 1028, N'CONTEÚDO 4'),
        (545, 1028, N'CONTEÚDO 5'),
        (546, 1028, N'CONTEÚDO 6'),
        (547, 1028, N'CONTEÚDO 7'),
        (548, 1028, N'CONTEÚDO 8'),
        (549, 1028, N'CONTEÚDO 9'),
        (550, 1028, N'CONTEÚDO 10'),
        (551, 1028, N'CONTEÚDO 11'),
        (552, 1028, N'CONTEÚDO 12'),
        (553, 1028, N'CONTEÚDO 13'),
        (554, 1028, N'CONTEÚDO 14'),
        (555, 1028, N'CONTEÚDO 15'),
        (556, 1028, N'CONTEÚDO 16'),
        (557, 1028, N'CONTEÚDO 17'),
        (558, 1028, N'CONTEÚDO 18'),
        (559, 1028, N'CONTEÚDO 19'),
        (560, 1028, N'CONTEÚDO 20'),
        (561, 1029, N'CONTEÚDO 1'),
        (562, 1029, N'CONTEÚDO 2'),
        (563, 1029, N'CONTEÚDO 3'),
        (564, 1029, N'CONTEÚDO 4'),
        (565, 1029, N'CONTEÚDO 5'),
        (566, 1029, N'CONTEÚDO 6'),
        (567, 1029, N'CONTEÚDO 7'),
        (568, 1029, N'CONTEÚDO 8'),
        (569, 1029, N'CONTEÚDO 9'),
        (570, 1029, N'CONTEÚDO 10'),
        (571, 1029, N'CONTEÚDO 11'),
        (572, 1029, N'CONTEÚDO 12'),
        (573, 1029, N'CONTEÚDO 13'),
        (574, 1029, N'CONTEÚDO 14'),
        (575, 1029, N'CONTEÚDO 15'),
        (576, 1029, N'CONTEÚDO 16'),
        (577, 1029, N'CONTEÚDO 17'),
        (578, 1029, N'CONTEÚDO 18'),
        (579, 1029, N'CONTEÚDO 19'),
        (580, 1029, N'CONTEÚDO 20'),
        (581, 1030, N'CONTEÚDO 1'),
        (582, 1030, N'CONTEÚDO 2'),
        (583, 1030, N'CONTEÚDO 3'),
        (584, 1030, N'CONTEÚDO 4'),
        (585, 1030, N'CONTEÚDO 5'),
        (586, 1030, N'CONTEÚDO 6'),
        (587, 1030, N'CONTEÚDO 7'),
        (588, 1030, N'CONTEÚDO 8'),
        (589, 1030, N'CONTEÚDO 9'),
        (590, 1030, N'CONTEÚDO 10'),
        (591, 1030, N'CONTEÚDO 11'),
        (592, 1030, N'CONTEÚDO 12'),
        (593, 1030, N'CONTEÚDO 13'),
        (594, 1030, N'CONTEÚDO 14'),
        (595, 1030, N'CONTEÚDO 15'),
        (596, 1030, N'CONTEÚDO 16'),
        (597, 1030, N'CONTEÚDO 17'),
        (598, 1030, N'CONTEÚDO 18'),
        (599, 1030, N'CONTEÚDO 19'),
        (600, 1030, N'CONTEÚDO 20'),
        (601, 1031, N'CONTEÚDO 1'),
        (602, 1031, N'CONTEÚDO 2'),
        (603, 1031, N'CONTEÚDO 3'),
        (604, 1031, N'CONTEÚDO 4'),
        (605, 1031, N'CONTEÚDO 5'),
        (606, 1031, N'CONTEÚDO 6'),
        (607, 1031, N'CONTEÚDO 7'),
        (608, 1031, N'CONTEÚDO 8'),
        (609, 1031, N'CONTEÚDO 9'),
        (610, 1031, N'CONTEÚDO 10'),
        (611, 1031, N'CONTEÚDO 11'),
        (612, 1031, N'CONTEÚDO 12'),
        (613, 1031, N'CONTEÚDO 13'),
        (614, 1031, N'CONTEÚDO 14'),
        (615, 1031, N'CONTEÚDO 15'),
        (616, 1031, N'CONTEÚDO 16'),
        (617, 1031, N'CONTEÚDO 17'),
        (618, 1031, N'CONTEÚDO 18'),
        (619, 1031, N'CONTEÚDO 19'),
        (620, 1031, N'CONTEÚDO 20'),
        (621, 1032, N'CONTEÚDO 1'),
        (622, 1032, N'CONTEÚDO 2'),
        (623, 1032, N'CONTEÚDO 3'),
        (624, 1032, N'CONTEÚDO 4'),
        (625, 1032, N'CONTEÚDO 5'),
        (626, 1032, N'CONTEÚDO 6'),
        (627, 1032, N'CONTEÚDO 7'),
        (628, 1032, N'CONTEÚDO 8'),
        (629, 1032, N'CONTEÚDO 9'),
        (630, 1032, N'CONTEÚDO 10'),
        (631, 1032, N'CONTEÚDO 11'),
        (632, 1032, N'CONTEÚDO 12'),
        (633, 1032, N'CONTEÚDO 13'),
        (634, 1032, N'CONTEÚDO 14'),
        (635, 1032, N'CONTEÚDO 15'),
        (636, 1032, N'CONTEÚDO 16'),
        (637, 1032, N'CONTEÚDO 17'),
        (638, 1032, N'CONTEÚDO 18'),
        (639, 1032, N'CONTEÚDO 19'),
        (640, 1032, N'CONTEÚDO 20'),
        (641, 1033, N'CONTEÚDO 1'),
        (642, 1033, N'CONTEÚDO 2'),
        (643, 1033, N'CONTEÚDO 3'),
        (644, 1033, N'CONTEÚDO 4'),
        (645, 1033, N'CONTEÚDO 5'),
        (646, 1033, N'CONTEÚDO 6'),
        (647, 1033, N'CONTEÚDO 7'),
        (648, 1033, N'CONTEÚDO 8'),
        (649, 1033, N'CONTEÚDO 9'),
        (650, 1033, N'CONTEÚDO 10'),
        (651, 1033, N'CONTEÚDO 11'),
        (652, 1033, N'CONTEÚDO 12'),
        (653, 1033, N'CONTEÚDO 13'),
        (654, 1033, N'CONTEÚDO 14'),
        (655, 1033, N'CONTEÚDO 15'),
        (656, 1033, N'CONTEÚDO 16'),
        (657, 1033, N'CONTEÚDO 17'),
        (658, 1033, N'CONTEÚDO 18'),
        (659, 1033, N'CONTEÚDO 19'),
        (660, 1033, N'CONTEÚDO 20'),
        (661, 1034, N'CONTEÚDO 1'),
        (662, 1034, N'CONTEÚDO 2'),
        (663, 1034, N'CONTEÚDO 3'),
        (664, 1034, N'CONTEÚDO 4'),
        (665, 1034, N'CONTEÚDO 5'),
        (666, 1034, N'CONTEÚDO 6'),
        (667, 1034, N'CONTEÚDO 7'),
        (668, 1034, N'CONTEÚDO 8'),
        (669, 1034, N'CONTEÚDO 9'),
        (670, 1034, N'CONTEÚDO 10'),
        (671, 1034, N'CONTEÚDO 11'),
        (672, 1034, N'CONTEÚDO 12'),
        (673, 1034, N'CONTEÚDO 13'),
        (674, 1034, N'CONTEÚDO 14'),
        (675, 1034, N'CONTEÚDO 15'),
        (676, 1034, N'CONTEÚDO 16'),
        (677, 1034, N'CONTEÚDO 17'),
        (678, 1034, N'CONTEÚDO 18'),
        (679, 1034, N'CONTEÚDO 19'),
        (680, 1034, N'CONTEÚDO 20'),
        (681, 1035, N'CONTEÚDO 1'),
        (682, 1035, N'CONTEÚDO 2'),
        (683, 1035, N'CONTEÚDO 3'),
        (684, 1035, N'CONTEÚDO 4'),
        (685, 1035, N'CONTEÚDO 5'),
        (686, 1035, N'CONTEÚDO 6'),
        (687, 1035, N'CONTEÚDO 7'),
        (688, 1035, N'CONTEÚDO 8'),
        (689, 1035, N'CONTEÚDO 9'),
        (690, 1035, N'CONTEÚDO 10'),
        (691, 1035, N'CONTEÚDO 11'),
        (692, 1035, N'CONTEÚDO 12'),
        (693, 1035, N'CONTEÚDO 13'),
        (694, 1035, N'CONTEÚDO 14'),
        (695, 1035, N'CONTEÚDO 15'),
        (696, 1035, N'CONTEÚDO 16'),
        (697, 1035, N'CONTEÚDO 17'),
        (698, 1035, N'CONTEÚDO 18'),
        (699, 1035, N'CONTEÚDO 19'),
        (700, 1035, N'CONTEÚDO 20'),
        (701, 1036, N'CONTEÚDO 1'),
        (702, 1036, N'CONTEÚDO 2'),
        (703, 1036, N'CONTEÚDO 3'),
        (704, 1036, N'CONTEÚDO 4'),
        (705, 1036, N'CONTEÚDO 5'),
        (706, 1036, N'CONTEÚDO 6'),
        (707, 1036, N'CONTEÚDO 7'),
        (708, 1036, N'CONTEÚDO 8'),
        (709, 1036, N'CONTEÚDO 9'),
        (710, 1036, N'CONTEÚDO 10'),
        (711, 1036, N'CONTEÚDO 11'),
        (712, 1036, N'CONTEÚDO 12'),
        (713, 1036, N'CONTEÚDO 13'),
        (714, 1036, N'CONTEÚDO 14'),
        (715, 1036, N'CONTEÚDO 15'),
        (716, 1036, N'CONTEÚDO 16'),
        (717, 1036, N'CONTEÚDO 17'),
        (718, 1036, N'CONTEÚDO 18'),
        (719, 1036, N'CONTEÚDO 19'),
        (720, 1036, N'CONTEÚDO 20'),
        (721, 1037, N'CONTEÚDO 1'),
        (722, 1037, N'CONTEÚDO 2'),
        (723, 1037, N'CONTEÚDO 3'),
        (724, 1037, N'CONTEÚDO 4'),
        (725, 1037, N'CONTEÚDO 5'),
        (726, 1037, N'CONTEÚDO 6'),
        (727, 1037, N'CONTEÚDO 7'),
        (728, 1037, N'CONTEÚDO 8'),
        (729, 1037, N'CONTEÚDO 9'),
        (730, 1037, N'CONTEÚDO 10'),
        (731, 1037, N'CONTEÚDO 11'),
        (732, 1037, N'CONTEÚDO 12'),
        (733, 1037, N'CONTEÚDO 13'),
        (734, 1037, N'CONTEÚDO 14'),
        (735, 1037, N'CONTEÚDO 15'),
        (736, 1037, N'CONTEÚDO 16'),
        (737, 1037, N'CONTEÚDO 17'),
        (738, 1037, N'CONTEÚDO 18'),
        (739, 1037, N'CONTEÚDO 19'),
        (740, 1037, N'CONTEÚDO 20'),
        (741, 1038, N'CONTEÚDO 1'),
        (742, 1038, N'CONTEÚDO 2'),
        (743, 1038, N'CONTEÚDO 3'),
        (744, 1038, N'CONTEÚDO 4'),
        (745, 1038, N'CONTEÚDO 5'),
        (746, 1038, N'CONTEÚDO 6'),
        (747, 1038, N'CONTEÚDO 7'),
        (748, 1038, N'CONTEÚDO 8'),
        (749, 1038, N'CONTEÚDO 9'),
        (750, 1038, N'CONTEÚDO 10'),
        (751, 1038, N'CONTEÚDO 11'),
        (752, 1038, N'CONTEÚDO 12'),
        (753, 1038, N'CONTEÚDO 13'),
        (754, 1038, N'CONTEÚDO 14'),
        (755, 1038, N'CONTEÚDO 15'),
        (756, 1038, N'CONTEÚDO 16'),
        (757, 1038, N'CONTEÚDO 17'),
        (758, 1038, N'CONTEÚDO 18'),
        (759, 1038, N'CONTEÚDO 19'),
        (760, 1038, N'CONTEÚDO 20'),
        (761, 1039, N'CONTEÚDO 1'),
        (762, 1039, N'CONTEÚDO 2'),
        (763, 1039, N'CONTEÚDO 3'),
        (764, 1039, N'CONTEÚDO 4'),
        (765, 1039, N'CONTEÚDO 5'),
        (766, 1039, N'CONTEÚDO 6'),
        (767, 1039, N'CONTEÚDO 7'),
        (768, 1039, N'CONTEÚDO 8'),
        (769, 1039, N'CONTEÚDO 9'),
        (770, 1039, N'CONTEÚDO 10'),
        (771, 1039, N'CONTEÚDO 11'),
        (772, 1039, N'CONTEÚDO 12'),
        (773, 1039, N'CONTEÚDO 13'),
        (774, 1039, N'CONTEÚDO 14'),
        (775, 1039, N'CONTEÚDO 15'),
        (776, 1039, N'CONTEÚDO 16'),
        (777, 1039, N'CONTEÚDO 17'),
        (778, 1039, N'CONTEÚDO 18'),
        (779, 1039, N'CONTEÚDO 19'),
        (780, 1039, N'CONTEÚDO 20'),
        (781, 1040, N'CONTEÚDO 1'),
        (782, 1040, N'CONTEÚDO 2'),
        (783, 1040, N'CONTEÚDO 3'),
        (784, 1040, N'CONTEÚDO 4'),
        (785, 1040, N'CONTEÚDO 5'),
        (786, 1040, N'CONTEÚDO 6'),
        (787, 1040, N'CONTEÚDO 7'),
        (788, 1040, N'CONTEÚDO 8'),
        (789, 1040, N'CONTEÚDO 9'),
        (790, 1040, N'CONTEÚDO 10'),
        (791, 1040, N'CONTEÚDO 11'),
        (792, 1040, N'CONTEÚDO 12'),
        (793, 1040, N'CONTEÚDO 13'),
        (794, 1040, N'CONTEÚDO 14'),
        (795, 1040, N'CONTEÚDO 15'),
        (796, 1040, N'CONTEÚDO 16'),
        (797, 1040, N'CONTEÚDO 17'),
        (798, 1040, N'CONTEÚDO 18'),
        (799, 1040, N'CONTEÚDO 19'),
        (800, 1040, N'CONTEÚDO 20'),
        (801, 1041, N'CONTEÚDO 1'),
        (802, 1041, N'CONTEÚDO 2'),
        (803, 1041, N'CONTEÚDO 3'),
        (804, 1041, N'CONTEÚDO 4'),
        (805, 1041, N'CONTEÚDO 5'),
        (806, 1041, N'CONTEÚDO 6'),
        (807, 1041, N'CONTEÚDO 7'),
        (808, 1041, N'CONTEÚDO 8'),
        (809, 1041, N'CONTEÚDO 9'),
        (810, 1041, N'CONTEÚDO 10'),
        (811, 1041, N'CONTEÚDO 11'),
        (812, 1041, N'CONTEÚDO 12'),
        (813, 1041, N'CONTEÚDO 13'),
        (814, 1041, N'CONTEÚDO 14'),
        (815, 1041, N'CONTEÚDO 15'),
        (816, 1041, N'CONTEÚDO 16'),
        (817, 1041, N'CONTEÚDO 17'),
        (818, 1041, N'CONTEÚDO 18'),
        (819, 1041, N'CONTEÚDO 19'),
        (820, 1041, N'CONTEÚDO 20'),
        (821, 1042, N'CONTEÚDO 1'),
        (822, 1042, N'CONTEÚDO 2'),
        (823, 1042, N'CONTEÚDO 3'),
        (824, 1042, N'CONTEÚDO 4'),
        (825, 1042, N'CONTEÚDO 5');
SET IDENTITY_INSERT dbo.conteudo OFF;
go
insert into dbo.horario (id, horario_inicio, horario_fim, num_aulas, turno)
values  (N'13002', N'13:00:00.0000000', N'14:40:00.0000000', 2, N'vespertino'),
        (N'13004', N'13:00:00.0000000', N'16:30:00.0000000', 4, N'vespertino'),
        (N'14502', N'14:50:00.0000000', N'16:30:00.0000000', 2, N'vespertino'),
        (N'14504', N'14:50:00.0000000', N'18:20:00.0000000', 4, N'vespertino'),
        (N'16402', N'16:40:00.0000000', N'18:20:00.0000000', 2, N'vespertino');
go
insert into dbo.curso_disciplina (cod_disciplina, cod_curso)
values  (1001, 0),
        (1002, 0),
        (1002, 1),
        (1003, 0),
        (1004, 0),
        (1005, 0),
        (1006, 0),
        (1007, 0),
        (1008, 0),
        (1009, 0),
        (1010, 0),
        (1010, 2),
        (1011, 0),
        (1012, 0),
        (1013, 0),
        (1014, 0),
        (1015, 0),
        (1016, 0),
        (1017, 0),
        (1018, 0),
        (1018, 2),
        (1019, 0),
        (1020, 0),
        (1021, 0),
        (1021, 2),
        (1022, 0),
        (1023, 0),
        (1024, 0),
        (1025, 0),
        (1026, 0),
        (1027, 0),
        (1028, 0),
        (1028, 2),
        (1029, 0),
        (1030, 0),
        (1031, 0),
        (1032, 0),
        (1033, 0),
        (1034, 0),
        (1035, 0),
        (1036, 0),
        (1037, 0),
        (1038, 0),
        (1038, 2),
        (1039, 0),
        (1040, 0),
        (1041, 0),
        (1042, 0),
        (1043, 0),
        (1045, 1),
        (1046, 1),
        (1047, 1),
        (1048, 1),
        (1049, 1),
        (1050, 1),
        (1050, 2),
        (1051, 1),
        (1052, 1),
        (1053, 1),
        (1053, 2),
        (1054, 1),
        (1054, 2),
        (1055, 1),
        (1056, 1),
        (1056, 2),
        (1057, 1),
        (1057, 2),
        (1058, 1),
        (1059, 1),
        (1060, 1),
        (1061, 1),
        (1062, 1),
        (1063, 1),
        (1064, 1),
        (1065, 1),
        (1065, 2),
        (1066, 1),
        (1067, 1),
        (1068, 1),
        (1069, 1),
        (1070, 1),
        (1071, 1),
        (1072, 1),
        (1072, 2),
        (1073, 1),
        (1074, 1),
        (1075, 1),
        (1076, 1),
        (1077, 1),
        (1078, 1),
        (1079, 1),
        (1079, 2),
        (1080, 1),
        (1081, 1),
        (1082, 1),
        (1083, 1),
        (1084, 1),
        (1085, 1),
        (1086, 1),
        (1087, 2),
        (1088, 2),
        (1089, 2),
        (1090, 2),
        (1091, 2),
        (1092, 2),
        (1093, 2),
        (1094, 2),
        (1095, 2),
        (1096, 2),
        (1097, 2),
        (1098, 2),
        (1099, 2),
        (1100, 2),
        (1101, 2),
        (1102, 2),
        (1103, 2),
        (1104, 2),
        (1105, 2),
        (1106, 2),
        (1107, 2),
        (1108, 2),
        (1109, 2),
        (1110, 2),
        (1111, 2),
        (1112, 2);
go
insert into dbo.matricula (ra, cpf_aluno, cod_curso, pontuacao_vestibular, posicao_vestibular, ano_ingresso, semestre_ingresso, ano_limite_graduacao, semestre_limite_graduacao, matricula_ativa)
values  (N'202218694', N'87683951080', 0, 10, 90, 2022, 1, 2027, 1, 1),
        (N'202224306', N'58538599003', 2, 20, 100, 2022, 2, 2027, 2, 1),
        (N'202227319', N'14999369079', 1, 14, 94, 2022, 2, 2027, 2, 1),
        (N'202316072', N'15602167005', 1, 16, 96, 2023, 1, 2028, 1, 1),
        (N'202319560', N'43523026008', 2, 19, 99, 2023, 1, 2028, 1, 1),
        (N'202321485', N'73611687014', 1, 15, 95, 2022, 2, 2027, 2, 1),
        (N'202325763', N'19538602064', 0, 11, 91, 2023, 2, 2028, 2, 1),
        (N'202412147', N'77848325083', 2, 18, 98, 2024, 1, 2029, 1, 1),
        (N'202413021', N'31347243089', 0, 12, 92, 2024, 1, 2029, 1, 1),
        (N'202417819', N'63675450007', 2, 21, 80, 2024, 1, 2029, 1, 1),
        (N'202418391', N'1301158003 ', 1, 17, 97, 2024, 1, 2029, 1, 1),
        (N'202419458', N'50050578030', 0, 13, 93, 2022, 1, 2027, 1, 1);
go
SET IDENTITY_INSERT dbo.matricula_disciplina ON;
insert into dbo.matricula_disciplina (id, id_horario, ra_matricula, cod_disciplina, ano_matricula, semestre_matricula, estado, dia_semana)
values  (1, N'14504', N'202325763', 1001, 2023, 1, N'APROVADO', 2),
        (2, N'13004', N'202325763', 1002, 2023, 1, N'APROVADO', 3),
        (3, N'14504', N'202325763', 1003, 2023, 1, N'APROVADO', 4),
        (4, N'13004', N'202325763', 1004, 2023, 1, N'APROVADO', 5),
        (5, N'13002', N'202325763', 1005, 2023, 1, N'APROVADO', 2),
        (6, N'13002', N'202325763', 1006, 2023, 1, N'APROVADO', 4),
        (7, N'14504', N'202325763', 1007, 2023, 1, N'APROVADO', 6),
        (8, N'14504', N'202321485', 1045, 2023, 1, N'APROVADO', 6),
        (9, N'14504', N'202321485', 1046, 2023, 1, N'REPROVADO', 2),
        (10, N'13002', N'202321485', 1047, 2023, 1, N'REPROVADO', 2),
        (11, N'14504', N'202321485', 1048, 2023, 1, N'APROVADO', 4),
        (12, N'13004', N'202321485', 1002, 2023, 1, N'APROVADO', 3),
        (13, N'13004', N'202321485', 1049, 2023, 1, N'REPROVADO', 5),
        (14, N'16402', N'202321485', 1050, 2023, 1, N'APROVADO', 3),
        (15, N'16402', N'202325763', 1008, 2023, 2, N'REPROVADO', 2),
        (16, N'13002', N'202325763', 1009, 2023, 2, N'REPROVADO', 3),
        (17, N'13004', N'202325763', 1010, 2023, 2, N'APROVADO', 2),
        (18, N'14504', N'202325763', 1011, 2023, 2, N'APROVADO', 3),
        (19, N'13002', N'202325763', 1012, 2023, 2, N'REPROVADO', 4),
        (20, N'14504', N'202325763', 1013, 2023, 2, N'APROVADO', 5),
        (21, N'14502', N'202325763', 1014, 2023, 2, N'REPROVADO', 4),
        (22, N'14504', N'202325763', 1015, 2023, 2, N'REPROVADO', 6),
        (23, N'14504', N'202321485', 1046, 2023, 2, N'APROVADO', 7),
        (24, N'13002', N'202321485', 1047, 2023, 2, N'APROVADO', 2),
        (25, N'13004', N'202321485', 1049, 2023, 2, N'APROVADO', 5),
        (26, N'14504', N'202321485', 1051, 2023, 2, N'APROVADO', 3),
        (27, N'14504', N'202321485', 1053, 2023, 2, N'APROVADO', 4),
        (28, N'13002', N'202321485', 1054, 2023, 2, N'APROVADO', 4),
        (29, N'14504', N'202321485', 1055, 2023, 2, N'APROVADO', 2),
        (30, N'14504', N'202321485', 1056, 2023, 2, N'APROVADO', 6),
        (31, N'13002', N'202321485', 1057, 2023, 2, N'APROVADO', 3),
        (32, N'14504', N'202419458', 1001, 2024, 1, N'MATRICULADO', 2),
        (33, N'13004', N'202419458', 1002, 2024, 1, N'MATRICULADO', 3),
        (34, N'14504', N'202419458', 1003, 2024, 1, N'MATRICULADO', 4),
        (35, N'13004', N'202419458', 1004, 2024, 1, N'MATRICULADO', 5),
        (36, N'13002', N'202419458', 1005, 2024, 1, N'MATRICULADO', 2),
        (37, N'13002', N'202419458', 1006, 2024, 1, N'MATRICULADO', 4),
        (38, N'14504', N'202419458', 1007, 2024, 1, N'MATRICULADO', 6),
        (39, N'14504', N'202227319', 1045, 2024, 1, N'MATRICULADO', 6),
        (40, N'14504', N'202227319', 1046, 2024, 1, N'MATRICULADO', 2),
        (41, N'13002', N'202227319', 1047, 2024, 1, N'MATRICULADO', 2),
        (42, N'14504', N'202227319', 1048, 2024, 1, N'MATRICULADO', 4),
        (43, N'13004', N'202227319', 1002, 2024, 1, N'MATRICULADO', 3),
        (44, N'13004', N'202227319', 1049, 2024, 1, N'MATRICULADO', 5),
        (45, N'16402', N'202227319', 1050, 2024, 1, N'MATRICULADO', 3),
        (46, N'13002', N'202412147', 1050, 2024, 1, N'MATRICULADO', 3),
        (47, N'13002', N'202412147', 1054, 2024, 1, N'MATRICULADO', 2),
        (48, N'13004', N'202412147', 1056, 2024, 1, N'MATRICULADO', 4),
        (49, N'14504', N'202412147', 1088, 2024, 1, N'MATRICULADO', 3),
        (50, N'14502', N'202412147', 1089, 2024, 1, N'MATRICULADO', 2),
        (51, N'14504', N'202412147', 1090, 2024, 1, N'MATRICULADO', 5),
        (52, N'13002', N'202412147', 1091, 2024, 1, N'MATRICULADO', 5),
        (53, N'13002', N'202325763', 1008, 2024, 1, N'MATRICULADO', 7),
        (54, N'13002', N'202325763', 1009, 2024, 1, N'MATRICULADO', 6),
        (55, N'13002', N'202325763', 1012, 2024, 1, N'MATRICULADO', 4),
        (56, N'13002', N'202325763', 1014, 2024, 1, N'MATRICULADO', 5),
        (57, N'14504', N'202325763', 1015, 2024, 1, N'MATRICULADO', 6),
        (58, N'13002', N'202325763', 1016, 2024, 1, N'MATRICULADO', 2),
        (59, N'14504', N'202325763', 1017, 2024, 1, N'MATRICULADO', 2),
        (60, N'14504', N'202325763', 1018, 2024, 1, N'MATRICULADO', 3),
        (61, N'14504', N'202325763', 1019, 2024, 1, N'MATRICULADO', 4),
        (62, N'14504', N'202325763', 1020, 2024, 1, N'MATRICULADO', 5),
        (63, N'13002', N'202325763', 1021, 2024, 1, N'MATRICULADO', 3),
        (64, N'14504', N'202325763', 1022, 2024, 1, N'MATRICULADO', 7),
        (65, N'14504', N'202321485', 1052, 2024, 1, N'MATRICULADO', 6),
        (66, N'14504', N'202321485', 1058, 2024, 1, N'MATRICULADO', 2),
        (67, N'14502', N'202321485', 1059, 2024, 1, N'MATRICULADO', 3),
        (68, N'14504', N'202321485', 1060, 2024, 1, N'MATRICULADO', 7),
        (69, N'14504', N'202321485', 1061, 2024, 1, N'MATRICULADO', 5),
        (70, N'13002', N'202321485', 1062, 2024, 1, N'MATRICULADO', 4),
        (71, N'14504', N'202321485', 1063, 2024, 1, N'MATRICULADO', 4),
        (72, N'13002', N'202321485', 1064, 2024, 1, N'MATRICULADO', 2),
        (73, N'16402', N'202321485', 1065, 2024, 1, N'MATRICULADO', 3);
SET IDENTITY_INSERT dbo.matricula_disciplina OFF;
go
insert into nota (id_matricula_disc, nota_1, nota_2, nota_3)
values
    (1, 6.2, 8.0, 7.2),
    (2, 8.0, 8.0, 8.0),
    (3, 9.0, 9.0, 9.0);
go
insert into presenca (id, id_matricula_disc, id_conteudo, aula_1, aula_2, aula_3, aula_4, data)
values (0, 1, 1, 1, 1, 1, 0, '2024/03/15');